mysql> SELECT JSON_SEARCH(@j, 'one', 'abc'); 
+-------------------------------+
| JSON_SEARCH(@j, 'one', 'abc') |
+-------------------------------+
| "$[0]"                        |
+-------------------------------+
1 row in set (0.01 sec)

mysql> SELECT JSON_SEARCH(@j, 'all', 'abc'); 
+-------------------------------+
| JSON_SEARCH(@j, 'all', 'abc') |
+-------------------------------+
| ["$[0]", "$[2].x"]            |
+-------------------------------+
1 row in set (0.01 sec)

mysql> SELECT JSON_SEARCH(@j, 'all', 'ghi'); 
+-------------------------------+
| JSON_SEARCH(@j, 'all', 'ghi') |
+-------------------------------+
| NULL                          |
+-------------------------------+
1 row in set (0.00 sec)

mysql> SELECT JSON_SEARCH(@j, 'all', '10');
+------------------------------+
| JSON_SEARCH(@j, 'all', '10') |
+------------------------------+
| "$[1][0].k"                  |
+------------------------------+
1 row in set (0.01 sec)
